Dataset,Method,Train_time_s_mean,Train_time_s_std,Infer_per_sample_ms_mean,Infer_per_sample_ms_std,Repetitions,Warmup,Notes
Pinterest,Jaccard,1.7040292732417583e-06,0.0,0.549342006619554,0.016319559895164176,1,10,
Pinterest,Cosine,9.319628588855267e-07,0.0,0.46345166926039383,0.019458500475070428,1,10,
Pinterest,SHAP,5.909823812544346e-07,0.0,0.15046796150272712,0.011565008021966892,1,10,
Pinterest,LIME,4.5155000407248735e-05,0.0,561.5242166083772,18.20201999147197,1,10,
Pinterest,ACCENT,7.309718057513237e-07,0.0,359.37277449370595,90.55355354360134,1,10,
Pinterest,LXR,3.200257197022438e-07,0.0,0.9477065585670061,0.02569626524184437,1,10,
Pinterest,Diffusion,0.18627858895342797,0.0,6.466012839693576,17.520498661588295,1,10,
