Dataset,Method,Train_time_s_mean,Train_time_s_std,Infer_per_sample_ms_mean,Infer_per_sample_ms_std,Repetitions,Warmup,Notes
Yahoo,Jaccard,5.69014810025692e-07,4.276919865075019e-07,0.32231658743694425,0.040887537836319425,5,10,
Yahoo,Cosine,3.2259849831461905e-07,2.4083037709944777e-07,0.25631508184596896,0.04181026062876678,5,10,
Yahoo,SHAP,2.7080532163381574e-07,1.6375709085742513e-07,0.14951009990181774,0.038296302779986066,5,10,
Yahoo,LIME,1.2455822434276342e-05,1.768345352265492e-05,324.3575990124373,15.785427343922445,5,10,
Yahoo,ACCENT,2.68593430519104e-07,1.583004110526251e-07,235.8269976429874,279.1903646807057,5,10,
Yahoo,LXR,3.608060069382191e-07,2.974358037337664e-07,1.1048561421921477,0.07139492761081442,5,10,
Yahoo,Diffusion,0.14070324358763173,0.2193557064220105,7.280776555882767,3.97350313930993,5,10,
