Dataset,Method,Train_time_s_mean,Train_time_s_std,Infer_per_sample_ms_mean,Infer_per_sample_ms_std,Repetitions,Warmup,Notes
ML1M,Jaccard,5.85382804274559e-07,4.941694375840744e-07,0.30212258570827544,0.12448436790917945,5,10,
ML1M,Cosine,2.886052243411541e-07,2.3328038152365034e-07,0.24534397129900756,0.12878416323957942,5,10,
ML1M,SHAP,2.2839521989226342e-07,1.0900372126404939e-07,0.1830058239866048,0.10657838253440038,5,10,
ML1M,LIME,1.2940587475895882e-05,1.8886906427387116e-05,243.14698809781112,19.127129034872294,5,10,
ML1M,ACCENT,2.803863026201725e-07,1.6490798432126568e-07,437.40117970947176,684.377597315913,5,10,
ML1M,LXR,2.3819738999009131e-07,8.647906716496027e-08,0.8875327093992382,0.048940352873076964,5,10,
ML1M,Diffusion,0.043268184387125076,0.00299280580349883,6.658766674809158,18.861887596986563,5,10,
