Dataset,Method,Train_time_s_mean,Train_time_s_std,Infer_per_sample_ms_mean,Infer_per_sample_ms_std,Repetitions,Warmup,Notes
Pinterest,Jaccard,5.64800575375557e-07,5.107530726753421e-07,0.5366132067283615,0.019640660537453457,5,10,
Pinterest,Cosine,3.2461248338222505e-07,2.564687713821005e-07,0.4494942524470389,0.01576707682730253,5,10,
Pinterest,SHAP,3.006192855536938e-07,1.909608069232079e-07,0.15555360168218613,0.01174484954612051,5,10,
Pinterest,LIME,1.2998399324715137e-05,1.888060789030311e-05,558.1277626941446,21.349629058213324,5,10,
Pinterest,ACCENT,2.3819738999009131e-07,7.523555099250373e-08,344.04957164183725,80.07343844792283,5,10,
Pinterest,LXR,2.4619512259960177e-07,1.053678415578288e-07,0.9342312983935699,0.02928289245057136,5,10,
Pinterest,Diffusion,0.14640725498320534,0.23183028999642524,5.9012200785800815,0.06280741384692075,5,10,
