Dataset,Method,Train_time_s_mean,Train_time_s_std,Infer_per_sample_ms_mean,Infer_per_sample_ms_std,Repetitions,Warmup,Notes
ML1M,Jaccard,6.893998943269252e-07,9.080894764209956e-07,0.3118596556596458,0.08682096158644702,5,10,
ML1M,Cosine,3.386172465980053e-07,3.372921668604798e-07,0.25240573927294463,0.08676749382535387,5,10,
ML1M,SHAP,2.286047674715519e-07,1.1393458321819802e-07,0.19370240007992834,0.08037699484743129,5,10,
ML1M,LIME,1.2800388503819704e-05,1.8623137436943714e-05,241.9647937119007,16.270496820118417,5,10,
ML1M,ACCENT,2.3620668798685074e-07,1.0587095088837246e-07,506.5752866214607,487.62000425346315,5,10,
ML1M,LXR,2.2861640900373458e-07,5.399218817545289e-08,0.8840784387430176,0.040651060334158585,5,10,
ML1M,Diffusion,0.044486738811247054,0.0019743591102159143,5.5923953065648675,0.21780261694650271,5,10,
