Dataset,Method,Train_time_s_mean,Train_time_s_std,Infer_per_sample_ms_mean,Infer_per_sample_ms_std,Repetitions,Warmup,Notes
ML1M,Jaccard,5.546025931835175e-07,6.07025169012183e-07,0.31511713843792677,0.08556897939611853,5,10,
ML1M,Cosine,3.0460068956017494e-07,2.6198574680788944e-07,0.25317636993713677,0.08621575688475797,5,10,
ML1M,SHAP,2.6440247893333433e-07,1.7188467792140747e-07,0.19481306243687868,0.08077027953620369,5,10,
ML1M,LIME,1.3192801270633936e-05,1.9112794012523705e-05,244.64516791061033,19.060615838151254,5,10,
ML1M,ACCENT,2.3639295250177382e-07,7.146002597111667e-08,489.458463338553,469.30901614808346,5,10,
ML1M,LXR,2.3241154849529267e-07,6.8243740007394e-08,0.9352140690898523,0.040122029387232284,5,10,
ML1M,Diffusion,0.043167758372146633,0.0005080522102971404,5.652269541402347,0.4601988985886251,5,10,
